-- phpMyAdmin SQL Dump
-- version 5.1.1
-- https://www.phpmyadmin.net/
--
-- Host: 127.0.0.1:3306
-- Generation Time: Nov 17, 2022 at 08:53 AM
-- Server version: 5.7.36
-- PHP Version: 7.4.26

SET SQL_MODE = "NO_AUTO_VALUE_ON_ZERO";
START TRANSACTION;
SET time_zone = "+00:00";


/*!40101 SET @OLD_CHARACTER_SET_CLIENT=@@CHARACTER_SET_CLIENT */;
/*!40101 SET @OLD_CHARACTER_SET_RESULTS=@@CHARACTER_SET_RESULTS */;
/*!40101 SET @OLD_COLLATION_CONNECTION=@@COLLATION_CONNECTION */;
/*!40101 SET NAMES utf8mb4 */;

--
-- Database: `icmapus`
--

-- --------------------------------------------------------

--
-- Table structure for table `attendance`
--

DROP TABLE IF EXISTS `attendance`;
CREATE TABLE IF NOT EXISTS `attendance` (
  `attendance_id` int(11) NOT NULL AUTO_INCREMENT,
  `attendance_time` timestamp NOT NULL DEFAULT CURRENT_TIMESTAMP,
  `course_id` int(11) NOT NULL,
  `user_id` int(11) NOT NULL,
  PRIMARY KEY (`attendance_id`),
  KEY `course_id` (`course_id`),
  KEY `user_id` (`user_id`)
) ENGINE=MyISAM AUTO_INCREMENT=22 DEFAULT CHARSET=utf8mb4 COLLATE=utf8mb4_unicode_ci;

--
-- Dumping data for table `attendance`
--

INSERT INTO `attendance` (`attendance_id`, `attendance_time`, `course_id`, `user_id`) VALUES
(1, '2022-11-07 21:00:00', 1, 2),
(2, '2022-11-08 21:00:00', 1, 11),
(3, '2022-11-08 21:00:00', 1, 10),
(4, '2022-11-08 21:00:00', 19, 18),
(5, '2022-11-07 21:00:00', 64, 11),
(6, '2022-11-07 21:00:00', 64, 10),
(7, '2022-11-07 21:00:00', 65, 1),
(8, '2022-11-15 06:25:37', 101, 11),
(9, '2022-11-15 06:25:37', 101, 12),
(18, '2022-11-15 06:30:42', 102, 14),
(11, '2022-11-15 06:25:37', 102, 13),
(12, '2022-11-15 06:25:37', 103, 15),
(13, '2022-11-15 06:27:56', 103, 16),
(14, '2022-11-15 06:27:56', 104, 17),
(15, '2022-11-15 06:27:56', 104, 18),
(16, '2022-11-15 06:27:56', 105, 19),
(17, '2022-11-15 06:27:56', 105, 20),
(19, '2022-11-17 08:41:14', 13, 44),
(20, '2022-11-17 08:42:03', 13, 44);

-- --------------------------------------------------------

--
-- Table structure for table `course`
--

DROP TABLE IF EXISTS `course`;
CREATE TABLE IF NOT EXISTS `course` (
  `course_id` int(11) NOT NULL AUTO_INCREMENT,
  `course_start_time` time NOT NULL,
  `course_end_time` time NOT NULL,
  `course_name` varchar(30) COLLATE utf8mb4_unicode_ci NOT NULL,
  `course_day` varchar(15) COLLATE utf8mb4_unicode_ci NOT NULL,
  `course_crn` varchar(10) COLLATE utf8mb4_unicode_ci DEFAULT NULL,
  `facility_id` int(11) NOT NULL,
  PRIMARY KEY (`course_id`),
  KEY `facility_id` (`facility_id`)
) ENGINE=MyISAM AUTO_INCREMENT=106 DEFAULT CHARSET=utf8mb4 COLLATE=utf8mb4_unicode_ci;

--
-- Dumping data for table `course`
--

INSERT INTO `course` (`course_id`, `course_start_time`, `course_end_time`, `course_name`, `course_day`, `course_crn`, `facility_id`) VALUES
(1, '13:00:00', '23:00:00', 'IT446', 'Wednesday', '10001', 1),
(2, '15:00:00', '16:00:00', 'IT244', 'Saturday', '10002', 1),
(3, '17:00:00', '19:00:00', 'IT409', 'Saturday', '10003', 1),
(4, '19:00:00', '23:00:00', 'IT342', 'Saturday', '10004', 1),
(5, '13:00:00', '14:00:00', 'IT446', 'Saturday', '10005', 2),
(6, '15:00:00', '16:00:00', 'IT244', 'Saturday', '10006', 2),
(7, '17:00:00', '19:00:00', 'IT409', 'Saturday', '10007', 2),
(8, '19:00:00', '23:00:00', 'IT342', 'Saturday', '10008', 2),
(9, '13:00:00', '14:00:00', 'IT446', 'Saturday', '10009', 3),
(10, '15:00:00', '16:00:00', 'IT244', 'Saturday', '10010', 3),
(11, '17:00:00', '19:00:00', 'IT409', 'Saturday', '10011', 3),
(12, '19:00:00', '23:00:00', 'IT342', 'Saturday', '10012', 3),
(13, '13:00:00', '14:00:00', 'IT446', 'Saturday', '10013', 4),
(14, '15:00:00', '16:00:00', 'IT244', 'Saturday', '10014', 4),
(15, '17:00:00', '19:00:00', 'IT409', 'Saturday', '10014', 4),
(16, '19:00:00', '23:00:00', 'IT342', 'Saturday', '10016', 4),
(17, '13:00:00', '14:00:00', 'IT446', 'Saturday', '10017', 5),
(18, '15:00:00', '16:00:00', 'IT244', 'Saturday', '10018', 5),
(19, '17:00:00', '19:00:00', 'IT409', 'Saturday', '10019', 5),
(20, '19:00:00', '23:00:00', 'IT342', 'Saturday', '10020', 5),
(21, '13:00:00', '14:00:00', 'IT446', 'Sunday', '10001', 1),
(22, '15:00:00', '16:00:00', 'IT244', 'Sunday', '10002', 1),
(23, '17:00:00', '19:00:00', 'IT409', 'Sunday', '10003', 1),
(24, '19:00:00', '23:00:00', 'IT342', 'Sunday', '10004', 1),
(25, '13:00:00', '14:00:00', 'IT446', 'Sunday', '10005', 2),
(26, '15:00:00', '16:00:00', 'IT244', 'Sunday', '10006', 2),
(27, '17:00:00', '19:00:00', 'IT409', 'Sunday', '10007', 2),
(28, '19:00:00', '23:00:00', 'IT342', 'Sunday', '10008', 2),
(29, '13:00:00', '14:00:00', 'IT446', 'Sunday', '10009', 3),
(30, '15:00:00', '16:00:00', 'IT244', 'Sunday', '10010', 3),
(31, '17:00:00', '19:00:00', 'IT409', 'Sunday', '10011', 3),
(32, '19:00:00', '23:00:00', 'IT342', 'Sunday', '10012', 3),
(33, '13:00:00', '14:00:00', 'IT446', 'Sunday', '10013', 4),
(34, '15:00:00', '16:00:00', 'IT244', 'Sunday', '10014', 4),
(35, '17:00:00', '19:00:00', 'IT409', 'Sunday', '10014', 4),
(36, '19:00:00', '23:00:00', 'IT342', 'Sunday', '10016', 4),
(37, '13:00:00', '14:00:00', 'IT446', 'Sunday', '10017', 5),
(38, '15:00:00', '16:00:00', 'IT244', 'Sunday', '10018', 5),
(39, '17:00:00', '19:00:00', 'IT409', 'Sunday', '10019', 5),
(40, '19:00:00', '23:00:00', 'IT342', 'Sunday', '10020', 5),
(41, '13:00:00', '14:00:00', 'IT446', 'Thursday', '10001', 1),
(42, '15:00:00', '16:50:00', 'IT244', 'Thursday', '10002', 1),
(43, '17:00:00', '19:00:00', 'IT409', 'Thursday', '10003', 1),
(44, '10:00:00', '12:00:00', 'IT342', 'Thursday', '10004', 1),
(45, '13:00:00', '14:00:00', 'IT446', 'Thursday', '10005', 2),
(46, '15:00:00', '16:50:00', 'IT244', 'Thursday', '10006', 2),
(47, '17:00:00', '19:00:00', 'IT409', 'Thursday', '10007', 2),
(48, '19:00:00', '23:00:00', 'IT342', 'Thursday', '10008', 2),
(49, '13:00:00', '14:00:00', 'IT446', 'Thursday', '10009', 3),
(50, '15:00:00', '16:50:00', 'IT244', 'Thursday', '10010', 3),
(51, '17:00:00', '19:00:00', 'IT409', 'Thursday', '10011', 3),
(52, '19:00:00', '23:00:00', 'IT342', 'Thursday', '10012', 3),
(53, '13:00:00', '14:00:00', 'IT446', 'Thursday', '10013', 4),
(54, '15:00:00', '16:50:00', 'IT244', 'Thursday', '10014', 4),
(55, '17:00:00', '19:00:00', 'IT409', 'Thursday', '10015', 4),
(56, '19:00:00', '23:00:00', 'IT342', 'Thursday', '10016', 4),
(57, '13:00:00', '14:00:00', 'IT446', 'Thursday', '10017', 5),
(58, '15:00:00', '16:50:00', 'IT244', 'Thursday', '10018', 5),
(59, '17:00:00', '19:00:00', 'IT409', 'Thursday', '10019', 5),
(60, '19:00:00', '23:00:00', 'IT342', 'Thursday', '10020', 5),
(61, '00:00:00', '12:59:00', 'IT342', 'Sunday', '10004', 1),
(62, '13:00:00', '14:00:00', 'IT446', 'Monday', '10001', 1),
(63, '15:00:00', '16:00:00', 'IT244', 'Monday', '10002', 1),
(64, '17:00:00', '19:00:00', 'IT409', 'Monday', '10003', 1),
(65, '19:00:00', '23:00:00', 'IT342', 'Monday', '10004', 1),
(66, '13:00:00', '14:00:00', 'IT446', 'Monday', '10005', 2),
(67, '15:00:00', '16:00:00', 'IT244', 'Monday', '10006', 2),
(68, '17:00:00', '19:00:00', 'IT409', 'Monday', '10007', 2),
(69, '19:00:00', '23:00:00', 'IT342', 'Monday', '10008', 2),
(70, '13:00:00', '14:00:00', 'IT446', 'Monday', '10009', 3),
(71, '15:00:00', '16:00:00', 'IT244', 'Monday', '10010', 3),
(72, '17:00:00', '19:00:00', 'IT409', 'Monday', '10011', 3),
(73, '19:00:00', '23:00:00', 'IT342', 'Monday', '10012', 3),
(74, '13:00:00', '14:00:00', 'IT446', 'Monday', '10013', 4),
(75, '15:00:00', '16:00:00', 'IT244', 'Monday', '10014', 4),
(76, '17:00:00', '19:00:00', 'IT409', 'Monday', '10014', 4),
(77, '19:00:00', '23:00:00', 'IT342', 'Monday', '10016', 4),
(78, '13:00:00', '14:00:00', 'IT446', 'Monday', '10017', 5),
(79, '15:00:00', '16:00:00', 'IT244', 'Monday', '10018', 5),
(80, '17:00:00', '19:00:00', 'IT409', 'Monday', '10019', 5),
(81, '13:00:00', '14:00:00', 'IT446', 'Monday', '10001', 1),
(82, '15:00:00', '16:00:00', 'IT244', 'Monday', '10002', 1),
(83, '17:00:00', '19:00:00', 'IT409', 'Monday', '10003', 1),
(84, '19:00:00', '23:00:00', 'IT342', 'Monday', '10004', 1),
(85, '13:00:00', '14:00:00', 'IT446', 'Monday', '10005', 2),
(86, '15:00:00', '16:00:00', 'IT244', 'Monday', '10006', 2),
(87, '17:00:00', '19:00:00', 'IT409', 'Monday', '10007', 2),
(88, '19:00:00', '23:00:00', 'IT342', 'Monday', '10008', 2),
(89, '13:00:00', '14:00:00', 'IT446', 'Monday', '10009', 3),
(90, '15:00:00', '16:00:00', 'IT244', 'Monday', '10010', 3),
(91, '17:00:00', '19:00:00', 'IT409', 'Monday', '10011', 3),
(92, '19:00:00', '23:00:00', 'IT342', 'Monday', '10012', 3),
(93, '13:00:00', '14:00:00', 'IT446', 'Monday', '10013', 4),
(94, '15:00:00', '16:00:00', 'IT244', 'Monday', '10014', 4),
(95, '17:00:00', '19:00:00', 'IT409', 'Monday', '10014', 4),
(96, '19:00:00', '23:00:00', 'IT342', 'Monday', '10016', 4),
(97, '13:00:00', '14:00:00', 'IT446', 'Monday', '10017', 5),
(98, '15:00:00', '16:00:00', 'IT244', 'Monday', '10018', 5),
(99, '17:00:00', '19:00:00', 'IT409', 'Monday', '10019', 5),
(100, '19:00:00', '23:00:00', 'IT342', 'Monday', '10020', 5),
(101, '00:00:00', '13:00:00', 'IT446', 'Tuesday', '10017', 5),
(102, '00:00:00', '12:00:00', 'IT446', 'Tuesday', '10013', 4),
(103, '00:00:00', '12:00:00', 'IT446', 'Tuesday', '10009', 3),
(104, '00:00:00', '12:00:00', 'IT446', 'Tuesday', '10005', 2),
(105, '00:00:00', '12:00:00', 'IT446', 'Tuesday', '10001', 1);

-- --------------------------------------------------------

--
-- Table structure for table `facility`
--

DROP TABLE IF EXISTS `facility`;
CREATE TABLE IF NOT EXISTS `facility` (
  `facility_id` int(11) NOT NULL AUTO_INCREMENT,
  `facility_number` int(11) NOT NULL,
  `facility_name` varchar(30) COLLATE utf8mb4_unicode_ci NOT NULL,
  `facility_floor` int(11) NOT NULL,
  `facility_capacity` int(11) NOT NULL,
  `is_busy` tinyint(1) NOT NULL,
  `facility_availability` tinyint(1) NOT NULL,
  `building_number` int(11) NOT NULL,
  PRIMARY KEY (`facility_id`)
) ENGINE=MyISAM AUTO_INCREMENT=66 DEFAULT CHARSET=utf8mb4 COLLATE=utf8mb4_unicode_ci;

--
-- Dumping data for table `facility`
--

INSERT INTO `facility` (`facility_id`, `facility_number`, `facility_name`, `facility_floor`, `facility_capacity`, `is_busy`, `facility_availability`, `building_number`) VALUES
(1, 101, 'classRoom', 1, 20, 0, 1, 1),
(2, 102, 'classRoom', 1, 20, 0, 1, 1),
(3, 103, 'classRoom', 1, 20, 0, 1, 1),
(4, 104, 'classRoom', 1, 20, 0, 1, 1),
(5, 105, 'classRoom', 1, 20, 0, 1, 1),
(6, 106, 'classRoom', 1, 20, 0, 1, 1),
(7, 107, 'classRoom', 1, 20, 0, 1, 1),
(8, 108, 'classRoom', 1, 20, 0, 1, 1),
(9, 109, 'classRoom', 1, 20, 0, 1, 1),
(10, 110, 'classRoom', 1, 20, 0, 1, 1),
(11, 111, 'classRoom', 1, 20, 0, 1, 1),
(12, 112, 'classRoom', 1, 20, 0, 1, 1),
(13, 113, 'classRoom', 1, 20, 0, 1, 1),
(14, 114, 'classRoom', 1, 20, 0, 1, 1),
(15, 115, 'classRoom', 1, 20, 0, 1, 1),
(16, 116, 'classRoom', 1, 20, 0, 1, 1),
(17, 117, 'classRoom', 1, 20, 0, 1, 1),
(18, 118, 'classRoom', 1, 20, 0, 1, 1),
(19, 119, 'classRoom', 1, 20, 0, 1, 1),
(20, 120, 'classRoom', 1, 20, 0, 1, 1),
(21, 121, 'classRoom', 1, 20, 0, 1, 1),
(22, 122, 'classRoom', 1, 20, 0, 1, 1),
(23, 123, 'classRoom', 1, 20, 0, 1, 1),
(24, 124, 'classRoom', 1, 20, 0, 1, 1),
(25, 125, 'classRoom', 1, 20, 0, 1, 1),
(26, 126, 'classRoom', 1, 20, 0, 1, 1),
(27, 127, 'classRoom', 1, 20, 0, 1, 1),
(28, 128, 'classRoom', 1, 20, 0, 1, 1),
(29, 129, 'classRoom', 1, 20, 0, 1, 1),
(30, 130, 'classRoom', 1, 20, 0, 1, 1),
(31, 201, 'classRoom', 2, 20, 0, 1, 1),
(32, 202, 'classRoom', 2, 20, 0, 1, 1),
(33, 203, 'classRoom', 2, 20, 0, 1, 1),
(34, 204, 'classRoom', 2, 20, 0, 1, 1),
(35, 205, 'classRoom', 2, 20, 0, 1, 1),
(36, 206, 'classRoom', 2, 20, 0, 1, 1),
(37, 207, 'classRoom', 2, 20, 0, 1, 1),
(38, 208, 'classRoom', 2, 20, 0, 1, 1),
(39, 209, 'classRoom', 2, 20, 0, 1, 1),
(40, 210, 'classRoom', 2, 20, 0, 1, 1),
(41, 211, 'classRoom', 2, 20, 0, 1, 1),
(42, 212, 'classRoom', 2, 20, 0, 1, 1),
(43, 213, 'classRoom', 2, 20, 0, 1, 1),
(44, 214, 'classRoom', 2, 20, 0, 1, 1),
(45, 215, 'classRoom', 2, 20, 0, 1, 1),
(46, 216, 'classRoom', 2, 20, 0, 1, 1),
(47, 217, 'classRoom', 2, 20, 0, 1, 1),
(48, 218, 'classRoom', 2, 20, 0, 1, 1),
(49, 219, 'classRoom', 2, 20, 0, 1, 1),
(50, 220, 'classRoom', 2, 20, 0, 1, 1),
(51, 221, 'classRoom', 2, 20, 0, 1, 1),
(52, 222, 'classRoom', 2, 20, 0, 1, 1),
(53, 223, 'classRoom', 2, 20, 0, 1, 1),
(54, 224, 'classRoom', 2, 20, 0, 1, 1),
(55, 225, 'classRoom', 2, 20, 0, 1, 1),
(56, 226, 'classRoom', 2, 20, 0, 1, 1),
(57, 227, 'classRoom', 2, 20, 0, 1, 1),
(58, 228, 'classRoom', 2, 20, 0, 1, 1),
(59, 229, 'classRoom', 2, 20, 0, 1, 1),
(60, 230, 'classRoom', 2, 20, 0, 0, 1);

-- --------------------------------------------------------

--
-- Table structure for table `lecture`
--

DROP TABLE IF EXISTS `lecture`;
CREATE TABLE IF NOT EXISTS `lecture` (
  `lecture_id` int(11) NOT NULL AUTO_INCREMENT,
  `user_id` int(11) NOT NULL,
  `course_id` int(11) NOT NULL,
  PRIMARY KEY (`lecture_id`),
  KEY `user_id` (`user_id`),
  KEY `course_id` (`course_id`)
) ENGINE=MyISAM AUTO_INCREMENT=707 DEFAULT CHARSET=utf8mb4 COLLATE=utf8mb4_unicode_ci;

--
-- Dumping data for table `lecture`
--

INSERT INTO `lecture` (`lecture_id`, `user_id`, `course_id`) VALUES
(1, 10, 1),
(2, 11, 1),
(3, 12, 1),
(4, 13, 1),
(5, 14, 1),
(6, 15, 2),
(7, 16, 2),
(8, 17, 2),
(9, 18, 2),
(10, 19, 2),
(11, 1, 9),
(12, 2, 9),
(13, 3, 9),
(14, 4, 9),
(15, 5, 9),
(16, 6, 10),
(17, 7, 10),
(18, 8, 11),
(19, 9, 11),
(20, 26, 72),
(21, 20, 72),
(22, 8, 72),
(23, 1, 1),
(24, 1, 21),
(25, 1, 41),
(26, 11, 1),
(27, 11, 21),
(28, 11, 41),
(29, 12, 1),
(30, 12, 21),
(31, 12, 41),
(32, 13, 1),
(33, 13, 21),
(34, 13, 41),
(35, 14, 1),
(36, 14, 21),
(37, 14, 41),
(38, 15, 1),
(39, 15, 21),
(40, 15, 41),
(41, 16, 1),
(42, 16, 21),
(43, 16, 41),
(44, 17, 1),
(45, 17, 21),
(46, 17, 41),
(47, 18, 1),
(48, 18, 21),
(49, 18, 41),
(50, 19, 1),
(51, 19, 21),
(52, 19, 41),
(53, 20, 1),
(54, 20, 21),
(55, 20, 41),
(56, 1, 2),
(57, 1, 22),
(58, 1, 42),
(59, 11, 2),
(60, 11, 22),
(61, 11, 42),
(62, 12, 2),
(63, 12, 22),
(64, 12, 42),
(65, 13, 2),
(66, 13, 22),
(67, 13, 42),
(68, 14, 2),
(69, 14, 22),
(70, 14, 42),
(71, 15, 2),
(72, 15, 22),
(73, 15, 42),
(74, 16, 2),
(75, 16, 22),
(76, 16, 42),
(77, 17, 2),
(78, 17, 22),
(79, 17, 42),
(80, 18, 2),
(81, 18, 22),
(82, 18, 42),
(83, 19, 2),
(84, 19, 22),
(85, 19, 42),
(86, 20, 2),
(87, 20, 22),
(88, 20, 42),
(89, 1, 3),
(90, 1, 23),
(91, 1, 43),
(92, 11, 3),
(93, 11, 23),
(94, 11, 43),
(95, 12, 3),
(96, 12, 23),
(97, 12, 43),
(98, 13, 3),
(99, 13, 23),
(100, 13, 43),
(101, 14, 3),
(102, 14, 23),
(103, 14, 43),
(104, 15, 3),
(105, 15, 23),
(106, 15, 43),
(107, 16, 3),
(108, 16, 23),
(109, 16, 43),
(110, 17, 3),
(111, 17, 23),
(112, 17, 43),
(113, 18, 3),
(114, 18, 23),
(115, 18, 43),
(116, 19, 3),
(117, 19, 23),
(118, 19, 43),
(119, 20, 3),
(120, 20, 23),
(121, 20, 43),
(122, 1, 4),
(123, 1, 24),
(124, 1, 44),
(125, 11, 4),
(126, 11, 24),
(127, 11, 44),
(128, 12, 4),
(129, 12, 24),
(130, 12, 44),
(131, 13, 4),
(132, 13, 24),
(133, 13, 44),
(134, 14, 4),
(135, 14, 24),
(136, 14, 44),
(137, 15, 4),
(138, 15, 24),
(139, 15, 44),
(140, 16, 4),
(141, 16, 24),
(142, 16, 44),
(143, 17, 4),
(144, 17, 24),
(145, 17, 44),
(146, 18, 4),
(147, 18, 24),
(148, 18, 44),
(149, 19, 4),
(150, 19, 24),
(151, 19, 44),
(152, 20, 4),
(153, 20, 24),
(154, 20, 44),
(155, 2, 5),
(156, 2, 25),
(157, 2, 45),
(158, 21, 5),
(159, 21, 25),
(160, 21, 45),
(161, 22, 5),
(162, 22, 25),
(163, 22, 45),
(164, 23, 5),
(165, 23, 25),
(166, 23, 45),
(167, 24, 5),
(168, 24, 25),
(169, 24, 45),
(170, 25, 5),
(171, 25, 25),
(172, 25, 45),
(173, 26, 5),
(174, 26, 25),
(175, 26, 45),
(176, 27, 5),
(177, 27, 25),
(178, 27, 45),
(179, 28, 5),
(180, 28, 25),
(181, 28, 45),
(182, 29, 5),
(183, 29, 25),
(184, 29, 45),
(185, 30, 5),
(186, 30, 25),
(187, 30, 45),
(188, 2, 6),
(189, 2, 26),
(190, 2, 46),
(191, 21, 6),
(192, 21, 26),
(193, 21, 46),
(194, 22, 6),
(195, 22, 26),
(196, 22, 46),
(197, 23, 6),
(198, 23, 26),
(199, 23, 46),
(200, 24, 6),
(201, 24, 26),
(202, 24, 46),
(203, 25, 6),
(204, 25, 26),
(205, 25, 46),
(206, 26, 6),
(207, 26, 26),
(208, 26, 46),
(209, 27, 6),
(210, 27, 26),
(211, 27, 46),
(212, 28, 6),
(213, 28, 26),
(214, 28, 46),
(215, 29, 6),
(216, 29, 26),
(217, 29, 46),
(218, 30, 6),
(219, 30, 26),
(220, 30, 46),
(221, 2, 7),
(222, 2, 27),
(223, 2, 47),
(224, 21, 7),
(225, 21, 27),
(226, 21, 47),
(227, 22, 7),
(228, 22, 27),
(229, 22, 47),
(230, 23, 7),
(231, 23, 27),
(232, 23, 47),
(233, 24, 7),
(234, 24, 27),
(235, 24, 47),
(236, 25, 7),
(237, 25, 27),
(238, 25, 47),
(239, 26, 7),
(240, 26, 27),
(241, 26, 47),
(242, 27, 7),
(243, 27, 27),
(244, 27, 47),
(245, 28, 7),
(246, 28, 27),
(247, 28, 47),
(248, 29, 7),
(249, 29, 27),
(250, 29, 47),
(251, 30, 7),
(252, 30, 27),
(253, 30, 47),
(254, 2, 8),
(255, 2, 28),
(256, 2, 48),
(257, 21, 8),
(258, 21, 28),
(259, 21, 48),
(260, 22, 8),
(261, 22, 28),
(262, 22, 48),
(263, 23, 8),
(264, 23, 28),
(265, 23, 48),
(266, 24, 8),
(267, 24, 28),
(268, 24, 48),
(269, 25, 8),
(270, 25, 28),
(271, 25, 48),
(272, 26, 8),
(273, 26, 28),
(274, 26, 48),
(275, 27, 8),
(276, 27, 28),
(277, 27, 48),
(278, 28, 8),
(279, 28, 28),
(280, 28, 48),
(281, 29, 8),
(282, 29, 28),
(283, 29, 48),
(284, 30, 8),
(285, 30, 28),
(286, 30, 48),
(287, 3, 9),
(288, 3, 29),
(289, 3, 49),
(290, 31, 9),
(291, 31, 29),
(292, 31, 49),
(293, 32, 9),
(294, 32, 29),
(295, 32, 49),
(296, 33, 9),
(297, 33, 29),
(298, 33, 49),
(299, 34, 9),
(300, 34, 29),
(301, 34, 49),
(302, 35, 9),
(303, 35, 29),
(304, 35, 49),
(305, 36, 9),
(306, 36, 29),
(307, 36, 49),
(308, 37, 9),
(309, 37, 29),
(310, 37, 49),
(311, 38, 9),
(312, 38, 29),
(313, 38, 49),
(314, 39, 9),
(315, 39, 29),
(316, 39, 49),
(317, 40, 9),
(318, 40, 29),
(319, 40, 49),
(320, 3, 10),
(321, 3, 30),
(322, 3, 50),
(323, 31, 10),
(324, 31, 30),
(325, 31, 50),
(326, 32, 10),
(327, 32, 30),
(328, 32, 50),
(329, 33, 10),
(330, 33, 30),
(331, 33, 50),
(332, 34, 10),
(333, 34, 30),
(334, 34, 50),
(335, 35, 10),
(336, 35, 30),
(337, 35, 50),
(338, 36, 10),
(339, 36, 30),
(340, 36, 50),
(341, 37, 10),
(342, 37, 30),
(343, 37, 50),
(344, 38, 10),
(345, 38, 30),
(346, 38, 50),
(347, 39, 10),
(348, 39, 30),
(349, 39, 50),
(350, 40, 10),
(351, 40, 30),
(352, 40, 50),
(353, 3, 11),
(354, 3, 31),
(355, 3, 51),
(356, 31, 11),
(357, 31, 31),
(358, 31, 51),
(359, 32, 11),
(360, 32, 31),
(361, 32, 51),
(362, 33, 11),
(363, 33, 31),
(364, 33, 51),
(365, 34, 11),
(366, 34, 31),
(367, 34, 51),
(368, 35, 11),
(369, 35, 31),
(370, 35, 51),
(371, 36, 11),
(372, 36, 31),
(373, 36, 51),
(374, 37, 11),
(375, 37, 31),
(376, 37, 51),
(377, 38, 11),
(378, 38, 31),
(379, 38, 51),
(380, 39, 11),
(381, 39, 31),
(382, 39, 51),
(383, 40, 11),
(384, 40, 31),
(385, 40, 51),
(386, 3, 12),
(387, 3, 32),
(388, 3, 52),
(389, 31, 12),
(390, 31, 32),
(391, 31, 52),
(392, 32, 12),
(393, 32, 32),
(394, 32, 52),
(395, 33, 12),
(396, 33, 32),
(397, 33, 52),
(398, 34, 12),
(399, 34, 32),
(400, 34, 52),
(401, 35, 12),
(402, 35, 32),
(403, 35, 52),
(404, 36, 12),
(405, 36, 32),
(406, 36, 52),
(407, 37, 12),
(408, 37, 32),
(409, 37, 52),
(410, 38, 12),
(411, 38, 32),
(412, 38, 52),
(413, 39, 12),
(414, 39, 32),
(415, 39, 52),
(416, 40, 12),
(417, 40, 32),
(418, 40, 52),
(419, 4, 13),
(420, 4, 33),
(421, 4, 53),
(422, 41, 13),
(423, 41, 33),
(424, 41, 53),
(425, 42, 13),
(426, 42, 33),
(427, 42, 53),
(428, 43, 13),
(429, 43, 33),
(430, 43, 53),
(431, 44, 13),
(432, 44, 33),
(433, 44, 53),
(434, 45, 13),
(435, 45, 33),
(436, 45, 53),
(437, 46, 13),
(438, 46, 33),
(439, 46, 53),
(440, 47, 13),
(441, 47, 33),
(442, 47, 53),
(443, 48, 13),
(444, 48, 33),
(445, 48, 53),
(446, 49, 13),
(447, 49, 33),
(448, 49, 53),
(449, 50, 13),
(450, 50, 33),
(451, 50, 53),
(452, 4, 14),
(453, 4, 34),
(454, 4, 54),
(455, 41, 14),
(456, 41, 34),
(457, 41, 54),
(458, 42, 14),
(459, 42, 34),
(460, 42, 54),
(461, 43, 14),
(462, 43, 34),
(463, 43, 54),
(464, 44, 14),
(465, 44, 34),
(466, 44, 54),
(467, 45, 14),
(468, 45, 34),
(469, 45, 54),
(470, 46, 14),
(471, 46, 34),
(472, 46, 54),
(473, 47, 14),
(474, 47, 34),
(475, 47, 54),
(476, 48, 14),
(477, 48, 34),
(478, 48, 54),
(479, 49, 14),
(480, 49, 34),
(481, 49, 54),
(482, 50, 14),
(483, 50, 34),
(484, 50, 54),
(485, 4, 15),
(486, 4, 35),
(487, 4, 55),
(488, 41, 15),
(489, 41, 35),
(490, 41, 55),
(491, 42, 15),
(492, 42, 35),
(493, 42, 55),
(494, 43, 15),
(495, 43, 35),
(496, 43, 55),
(497, 44, 15),
(498, 44, 35),
(499, 44, 55),
(500, 45, 15),
(501, 45, 35),
(502, 45, 55),
(503, 46, 15),
(504, 46, 35),
(505, 46, 55),
(506, 47, 15),
(507, 47, 35),
(508, 47, 55),
(509, 48, 15),
(510, 48, 35),
(511, 48, 55),
(512, 49, 15),
(513, 49, 35),
(514, 49, 55),
(515, 50, 15),
(516, 50, 35),
(517, 50, 55),
(518, 4, 16),
(519, 4, 36),
(520, 4, 56),
(521, 41, 16),
(522, 41, 36),
(523, 41, 56),
(524, 42, 16),
(525, 42, 36),
(526, 42, 56),
(527, 43, 16),
(528, 43, 36),
(529, 43, 56),
(530, 44, 16),
(531, 44, 36),
(532, 44, 56),
(533, 45, 16),
(534, 45, 36),
(535, 45, 56),
(536, 46, 16),
(537, 46, 36),
(538, 46, 56),
(539, 47, 16),
(540, 47, 36),
(541, 47, 56),
(542, 48, 16),
(543, 48, 36),
(544, 48, 56),
(545, 49, 16),
(546, 49, 36),
(547, 49, 56),
(548, 50, 16),
(549, 50, 36),
(550, 50, 56),
(551, 5, 17),
(552, 5, 37),
(553, 5, 57),
(554, 51, 17),
(555, 51, 37),
(556, 51, 57),
(557, 52, 17),
(558, 52, 37),
(559, 52, 57),
(560, 53, 17),
(561, 53, 37),
(562, 53, 57),
(563, 54, 17),
(564, 54, 37),
(565, 54, 57),
(566, 55, 17),
(567, 55, 37),
(568, 55, 57),
(569, 56, 17),
(570, 56, 37),
(571, 56, 57),
(572, 57, 17),
(573, 57, 37),
(574, 57, 57),
(575, 58, 17),
(576, 58, 37),
(577, 58, 57),
(578, 59, 17),
(579, 59, 37),
(580, 59, 57),
(581, 60, 17),
(582, 60, 37),
(583, 60, 57),
(584, 5, 18),
(585, 5, 38),
(586, 5, 58),
(587, 51, 18),
(588, 51, 38),
(589, 51, 58),
(590, 52, 18),
(591, 52, 38),
(592, 52, 58),
(593, 53, 18),
(594, 53, 38),
(595, 53, 58),
(596, 54, 18),
(597, 54, 38),
(598, 54, 58),
(599, 55, 18),
(600, 55, 38),
(601, 55, 58),
(602, 56, 18),
(603, 56, 38),
(604, 56, 58),
(605, 57, 18),
(606, 57, 38),
(607, 57, 58),
(608, 58, 18),
(609, 58, 38),
(610, 58, 58),
(611, 59, 18),
(612, 59, 38),
(613, 59, 58),
(614, 60, 18),
(615, 60, 38),
(616, 60, 58),
(617, 5, 19),
(618, 5, 39),
(619, 5, 59),
(620, 51, 19),
(621, 51, 39),
(622, 51, 59),
(623, 52, 19),
(624, 52, 39),
(625, 52, 59),
(626, 53, 19),
(627, 53, 39),
(628, 53, 59),
(629, 54, 19),
(630, 54, 39),
(631, 54, 59),
(632, 55, 19),
(633, 55, 39),
(634, 55, 59),
(635, 56, 19),
(636, 56, 39),
(637, 56, 59),
(638, 57, 19),
(639, 57, 39),
(640, 57, 59),
(641, 58, 19),
(642, 58, 39),
(643, 58, 59),
(644, 59, 19),
(645, 59, 39),
(646, 59, 59),
(647, 60, 19),
(648, 60, 39),
(649, 60, 59),
(650, 5, 20),
(651, 5, 40),
(652, 5, 60),
(653, 51, 20),
(654, 51, 40),
(655, 51, 60),
(656, 52, 20),
(657, 52, 40),
(658, 52, 60),
(659, 53, 20),
(660, 53, 40),
(661, 53, 60),
(662, 54, 20),
(663, 54, 40),
(664, 54, 60),
(665, 55, 20),
(666, 55, 40),
(667, 55, 60),
(668, 56, 20),
(669, 56, 40),
(670, 56, 60),
(671, 57, 20),
(672, 57, 40),
(673, 57, 60),
(674, 58, 20),
(675, 58, 40),
(676, 58, 60),
(677, 59, 20),
(678, 59, 40),
(679, 59, 60),
(680, 60, 20),
(681, 60, 40),
(682, 60, 60),
(683, 1, 61),
(684, 11, 61),
(685, 12, 61),
(686, 13, 61),
(687, 14, 61),
(688, 15, 61),
(689, 16, 61),
(690, 17, 61),
(691, 18, 61),
(692, 19, 61),
(693, 20, 61),
(694, 1, 62),
(695, 1, 63),
(696, 1, 64),
(697, 1, 62),
(698, 1, 63),
(699, 1, 64),
(700, 1, 65),
(701, 2, 66),
(702, 2, 67),
(703, 2, 68),
(706, 1, 101);

-- --------------------------------------------------------

--
-- Table structure for table `report`
--

DROP TABLE IF EXISTS `report`;
CREATE TABLE IF NOT EXISTS `report` (
  `report_id` int(11) NOT NULL AUTO_INCREMENT,
  `report_message` text COLLATE utf8mb4_unicode_ci,
  `report_date` timestamp NOT NULL DEFAULT CURRENT_TIMESTAMP,
  `report_status` tinyint(1) NOT NULL DEFAULT '1',
  `user_id` int(11) NOT NULL,
  `utility_id` int(11) NOT NULL,
  PRIMARY KEY (`report_id`),
  KEY `user_id` (`user_id`),
  KEY `utility_id` (`utility_id`)
) ENGINE=MyISAM AUTO_INCREMENT=11 DEFAULT CHARSET=utf8mb4 COLLATE=utf8mb4_unicode_ci;

--
-- Dumping data for table `report`
--

INSERT INTO `report` (`report_id`, `report_message`, `report_date`, `report_status`, `user_id`, `utility_id`) VALUES
(10, NULL, '2022-11-17 07:35:55', 1, 1, 4);

-- --------------------------------------------------------

--
-- Table structure for table `side_attendance`
--

DROP TABLE IF EXISTS `side_attendance`;
CREATE TABLE IF NOT EXISTS `side_attendance` (
  `side_attendance_id` int(11) NOT NULL AUTO_INCREMENT,
  `side_attendance_time` timestamp NOT NULL DEFAULT CURRENT_TIMESTAMP,
  `side_course_id` int(11) NOT NULL,
  `user_id` int(11) NOT NULL,
  PRIMARY KEY (`side_attendance_id`),
  KEY `user_id` (`user_id`),
  KEY `side_course_id` (`side_course_id`)
) ENGINE=MyISAM AUTO_INCREMENT=2 DEFAULT CHARSET=utf8mb4 COLLATE=utf8mb4_unicode_ci;

--
-- Dumping data for table `side_attendance`
--

INSERT INTO `side_attendance` (`side_attendance_id`, `side_attendance_time`, `side_course_id`, `user_id`) VALUES
(1, '2022-11-08 18:20:47', 1, 2);

-- --------------------------------------------------------

--
-- Table structure for table `side_course`
--

DROP TABLE IF EXISTS `side_course`;
CREATE TABLE IF NOT EXISTS `side_course` (
  `side_course_id` int(11) NOT NULL AUTO_INCREMENT,
  `side_course_name` varchar(30) COLLATE utf8mb4_unicode_ci NOT NULL,
  `side_course_number` int(11) NOT NULL,
  `side_course_date` date NOT NULL,
  `side_course_time` time NOT NULL,
  `facility_id` int(11) NOT NULL,
  PRIMARY KEY (`side_course_id`),
  KEY `facility_id` (`facility_id`)
) ENGINE=MyISAM AUTO_INCREMENT=2 DEFAULT CHARSET=utf8mb4 COLLATE=utf8mb4_unicode_ci;

--
-- Dumping data for table `side_course`
--

INSERT INTO `side_course` (`side_course_id`, `side_course_name`, `side_course_number`, `side_course_date`, `side_course_time`, `facility_id`) VALUES
(1, 'hello', 1, '2022-11-08', '22:00:00', 1);

-- --------------------------------------------------------

--
-- Table structure for table `users`
--

DROP TABLE IF EXISTS `users`;
CREATE TABLE IF NOT EXISTS `users` (
  `user_id` int(11) NOT NULL AUTO_INCREMENT,
  `username` varchar(25) COLLATE utf8mb4_unicode_ci NOT NULL,
  `pwd` varchar(100) COLLATE utf8mb4_unicode_ci NOT NULL,
  `email` varchar(50) COLLATE utf8mb4_unicode_ci NOT NULL,
  `first_name` varchar(15) COLLATE utf8mb4_unicode_ci NOT NULL,
  `last_name` varchar(15) COLLATE utf8mb4_unicode_ci NOT NULL,
  `phone_number` varchar(15) COLLATE utf8mb4_unicode_ci NOT NULL,
  `roles` json NOT NULL,
  `image` varchar(255) COLLATE utf8mb4_unicode_ci DEFAULT NULL,
  `refreshtoken` varchar(255) COLLATE utf8mb4_unicode_ci DEFAULT NULL,
  `in_building` tinyint(1) NOT NULL DEFAULT '0',
  PRIMARY KEY (`user_id`),
  UNIQUE KEY `email` (`email`),
  UNIQUE KEY `username` (`username`)
) ENGINE=MyISAM AUTO_INCREMENT=72 DEFAULT CHARSET=utf8mb4 COLLATE=utf8mb4_unicode_ci;

--
-- Dumping data for table `users`
--

INSERT INTO `users` (`user_id`, `username`, `pwd`, `email`, `first_name`, `last_name`, `phone_number`, `roles`, `image`, `refreshtoken`, `in_building`) VALUES
(1, 'S1964000654', '$2b$10$l2fv7eDns6wCwcoel7.5qOVOIOwDVbinzpG0eTTkTanB6Tp0AGq7m', 'S1964000654@seu.edu.sa', 'abdullah', 'henry', '0504098659', '[1984]', NULL, 'eyJhbGciOiJIUzI1NiIsInR5cCI6IkpXVCJ9.eyJpYXQiOjE2Njg2NjQ0OTgsImV4cCI6MTY2ODc1MDg5OH0.y65JT6tqTHqxy__Rrbfbx-NHx2LRldw0KDx4ivJSH7w', 0),
(2, 'S1969874897', '$2b$10$l2fv7eDns6wCwcoel7.5qOVOIOwDVbinzpG0eTTkTanB6Tp0AGq7m', 'S1969874897@seu.edu.sa', 'ehsan', 'trumb', '0596888659', '[1984]', NULL, '', 0),
(3, 'S1905889485', '$2b$10$l2fv7eDns6wCwcoel7.5qOVOIOwDVbinzpG0eTTkTanB6Tp0AGq7m', 'S1905889485@seu.edu.sa', 'naif', 'putin', '0560008859', '[1984]', NULL, '', 0),
(4, 'S1959994775', '$2b$10$l2fv7eDns6wCwcoel7.5qOVOIOwDVbinzpG0eTTkTanB6Tp0AGq7m', 'S1959994775@seu.edu.sa', 'nwafe', 'hammzah', '0568889859', '[1984]', NULL, '', 1),
(5, 'S1965004854', '$2b$10$l2fv7eDns6wCwcoel7.5qOVOIOwDVbinzpG0eTTkTanB6Tp0AGq7m', 'S1965004854@seu.edu.sa', 'fahad', 'gandi', '0566744409', '[1984]', NULL, NULL, 1),
(6, 'S1969984763', '$2b$10$l2fv7eDns6wCwcoel7.5qOVOIOwDVbinzpG0eTTkTanB6Tp0AGq7m', 'S1969984763@seu.edu.sa', 'nasser', 'henry', '0594666659', '[1984]', NULL, NULL, 1),
(7, 'S1969888746', '$2b$10$l2fv7eDns6wCwcoel7.5qOVOIOwDVbinzpG0eTTkTanB6Tp0AGq7m', 'S1969888746@seu.edu.sa', 'rakan', 'trumb', '0596811159', '[1984]', NULL, NULL, 0),
(8, 'S1905848764', '$2b$10$l2fv7eDns6wCwcoel7.5qOVOIOwDVbinzpG0eTTkTanB6Tp0AGq7m', 'S1905848764@seu.edu.sa', 'raid', 'putin', '0560594039', '[1984]', NULL, '', 1),
(9, 'S1974677675', '$2b$10$l2fv7eDns6wCwcoel7.5qOVOIOwDVbinzpG0eTTkTanB6Tp0AGq7m', 'S1974677675@seu.edu.sa', 'raif', 'hammzah', '0568000059', '[1984]', NULL, NULL, 0),
(10, 'S1965004873', '$2b$10$l2fv7eDns6wCwcoel7.5qOVOIOwDVbinzpG0eTTkTanB6Tp0AGq7m', 'S1965004873@seu.edu.sa', 'rwafe', 'gandi', '0566755009', '[1984]', NULL, NULL, 1),
(11, 'S1869696900', '$2b$10$l2fv7eDns6wCwcoel7.5qOVOIOwDVbinzpG0eTTkTanB6Tp0AGq7m', 'S1869696900@seu.edu.sa', 'Rayan', 'Aartjan', '0596993773', '[2001]', NULL, '', 0),
(12, 'S1869696901', '$2b$10$l2fv7eDns6wCwcoel7.5qOVOIOwDVbinzpG0eTTkTanB6Tp0AGq7m', 'S1869696901@seu.edu.sa', 'ahmad', 'Abagael', '0596993778', '[2001]', NULL, '', 1),
(62, 'gate', '$2b$10$l2fv7eDns6wCwcoel7.5qOVOIOwDVbinzpG0eTTkTanB6Tp0AGq7m', 'S1958764645@seu.edu.sa', 'mnsaoure', 'abdullah', '05040505', '[1000]', NULL, '', 0),
(13, 'S1869696902', '$2b$10$l2fv7eDns6wCwcoel7.5qOVOIOwDVbinzpG0eTTkTanB6Tp0AGq7m', 'S1869696902@seu.edu.sa', 'saud', 'Abagail', '0596993305', '[2001]', NULL, 'eyJhbGciOiJIUzI1NiIsInR5cCI6IkpXVCJ9.eyJpYXQiOjE2Njg2NjY4MzMsImV4cCI6MTY2ODc1MzIzM30.1OJ6tdPAjyF2hUoz5AFxi8-ZrIlK4rbOrLwUkRST-aA', 0),
(14, 'S1869696903', '$2b$10$l2fv7eDns6wCwcoel7.5qOVOIOwDVbinzpG0eTTkTanB6Tp0AGq7m', 'S1869696903@seu.edu.sa', 'khalid', 'Abahri', '0596940585', '[2001]', NULL, NULL, 1),
(15, 'S1869696904', '$2b$10$l2fv7eDns6wCwcoel7.5qOVOIOwDVbinzpG0eTTkTanB6Tp0AGq7m', 'S1869696904@seu.edu.sa', 'mansour', 'Abbas', '0596940696', '[2001]', NULL, NULL, 0),
(16, 'S1869696905', '$2b$10$l2fv7eDns6wCwcoel7.5qOVOIOwDVbinzpG0eTTkTanB6Tp0AGq7m', 'S1869696905@seu.edu.sa', 'mohammed', 'Abbe', '0596940696', '[2001]', NULL, NULL, 0),
(17, 'S1869696906', '$2b$10$l2fv7eDns6wCwcoel7.5qOVOIOwDVbinzpG0eTTkTanB6Tp0AGq7m', 'S1869696906@seu.edu.sa', 'mmdoh', 'Abbey', '0594059656', '[2001]', NULL, NULL, 0),
(18, 'S1869696907', '$2b$10$l2fv7eDns6wCwcoel7.5qOVOIOwDVbinzpG0eTTkTanB6Tp0AGq7m', 'S1869696907@seu.edu.sa', 'abdullah', 'Abbi', '0596506968', '[2001]', NULL, NULL, 1),
(19, 'S1869696908', '$2b$10$l2fv7eDns6wCwcoel7.5qOVOIOwDVbinzpG0eTTkTanB6Tp0AGq7m', 'S1869696908@seu.edu.sa', 'abdullah', 'Abbie', '0596506968', '[2001]', NULL, NULL, 0),
(20, 'S1869696909', '$2b$10$l2fv7eDns6wCwcoel7.5qOVOIOwDVbinzpG0eTTkTanB6Tp0AGq7m', 'S1869696909@seu.edu.sa', 'abdullah', 'Abby', '0596506968', '[2001]', NULL, NULL, 0),
(21, 'S1869699080', '$2b$10$l2fv7eDns6wCwcoel7.5qOVOIOwDVbinzpG0eTTkTanB6Tp0AGq7m', 'S1869699080@seu.edu.sa', 'Aartjan', 'Rayan', '0567803659', '[2001]', NULL, NULL, 0),
(22, 'S1869088926', '$2b$10$l2fv7eDns6wCwcoel7.5qOVOIOwDVbinzpG0eTTkTanB6Tp0AGq7m', 'S1869088926@seu.edu.sa', 'Abagael', 'ahmad', '056786i959', '[2001]', NULL, NULL, 0),
(23, 'S1869698926', '$2b$10$l2fv7eDns6wCwcoel7.5qOVOIOwDVbinzpG0eTTkTanB6Tp0AGq7m', 'S1869698926@seu.edu.sa', 'Abagail', 'saud', '05600799659', '[2001]', NULL, NULL, 1),
(24, 'S1869696927', '$2b$10$l2fv7eDns6wCwcoel7.5qOVOIOwDVbinzpG0eTTkTanB6Tp0AGq7m', 'S1869696927@seu.edu.sa', 'Abahri', 'khalid', '0567840689', '[2001]', NULL, NULL, 0),
(25, 'S1869696928', '$2b$10$l2fv7eDns6wCwcoel7.5qOVOIOwDVbinzpG0eTTkTanB6Tp0AGq7m', 'S1869696928@seu.edu.sa', 'Abbas', 'mansour', '0567498574', '[2001]', NULL, NULL, 0),
(26, 'S1869696939', '$2b$10$l2fv7eDns6wCwcoel7.5qOVOIOwDVbinzpG0eTTkTanB6Tp0AGq7m', 'S1869696939@seu.edu.sa', 'Abbe', 'mohammed', '0559684068', '[2001]', NULL, NULL, 0),
(27, 'S1869696940', '$2b$10$l2fv7eDns6wCwcoel7.5qOVOIOwDVbinzpG0eTTkTanB6Tp0AGq7m', 'S1869696940@seu.edu.sa', 'Abbey', 'mmdoh', '0548672065', '[2001]', NULL, NULL, 0),
(28, 'S1869696941', '$2b$10$l2fv7eDns6wCwcoel7.5qOVOIOwDVbinzpG0eTTkTanB6Tp0AGq7m', 'S1869696941@seu.edu.sa', 'Abbi', 'abdullah', '05679394859', '[2001]', NULL, NULL, 0),
(29, 'S1869696942', '$2b$10$l2fv7eDns6wCwcoel7.5qOVOIOwDVbinzpG0eTTkTanB6Tp0AGq7m', 'S1869696942@seu.edu.sa', 'Abbie', 'abdullah', '0549958659', '[2001]', NULL, NULL, 0),
(30, 'S1869696943', '$2b$10$l2fv7eDns6wCwcoel7.5qOVOIOwDVbinzpG0eTTkTanB6Tp0AGq7m', 'S1869696943@seu.edu.sa', 'Abby', 'abdullah', '0567883049', '[2001]', NULL, NULL, 0),
(31, 'S1869696944', '$2b$10$l2fv7eDns6wCwcoel7.5qOVOIOwDVbinzpG0eTTkTanB6Tp0AGq7m', 'S1869696944@seu.edu.sa', 'jack', 'Aartjan', '05678406994', '[2001]', NULL, NULL, 0),
(32, 'S1869696945', '$2b$10$l2fv7eDns6wCwcoel7.5qOVOIOwDVbinzpG0eTTkTanB6Tp0AGq7m', 'S1869696945@seu.edu.sa', 'jacki', 'Abagael', '0567948659', '[2001]', NULL, NULL, 0),
(33, 'S1869696946', '$2b$10$l2fv7eDns6wCwcoel7.5qOVOIOwDVbinzpG0eTTkTanB6Tp0AGq7m', 'S1869696946@seu.edu.sa', 'jace', 'Abagail', '05674979687', '[2001]', NULL, NULL, 0),
(34, 'S1869696947', '$2b$10$l2fv7eDns6wCwcoel7.5qOVOIOwDVbinzpG0eTTkTanB6Tp0AGq7m', 'S1869696947@seu.edu.sa', 'leo', 'Abahri', '0505078876', '[2001]', NULL, NULL, 0),
(35, 'S1869696948', '$2b$10$l2fv7eDns6wCwcoel7.5qOVOIOwDVbinzpG0eTTkTanB6Tp0AGq7m', 'S1869696948@seu.edu.sa', 'ronaldo', 'Abbas', '0568005659', '[2001]', NULL, NULL, 0),
(36, 'S1869696949', '$2b$10$l2fv7eDns6wCwcoel7.5qOVOIOwDVbinzpG0eTTkTanB6Tp0AGq7m', 'S1869696949@seu.edu.sa', 'roberto', 'Abbe', '0550995859', '[2001]', NULL, NULL, 0),
(37, 'S1869696950', '$2b$10$l2fv7eDns6wCwcoel7.5qOVOIOwDVbinzpG0eTTkTanB6Tp0AGq7m', 'S1869696950@seu.edu.sa', 'miz', 'Abbey', '0565858678', '[2001]', NULL, NULL, 0),
(38, 'S1869696951', '$2b$10$l2fv7eDns6wCwcoel7.5qOVOIOwDVbinzpG0eTTkTanB6Tp0AGq7m', 'S1869696951@seu.edu.sa', 'brock', 'Abbi', '0569985769', '[2001]', NULL, NULL, 0),
(39, 'S1869696952', '$2b$10$l2fv7eDns6wCwcoel7.5qOVOIOwDVbinzpG0eTTkTanB6Tp0AGq7m', 'S1869696952@seu.edu.sa', 'willam', 'Abbie', '0570085659', '[2001]', NULL, NULL, 0),
(40, 'S1869696953', '$2b$10$l2fv7eDns6wCwcoel7.5qOVOIOwDVbinzpG0eTTkTanB6Tp0AGq7m', 'S1869696953@seu.edu.sa', 'walse', 'Abby', '05659674769', '[2001]', NULL, NULL, 0),
(41, 'S1869696954', '$2b$10$l2fv7eDns6wCwcoel7.5qOVOIOwDVbinzpG0eTTkTanB6Tp0AGq7m', 'S1869696954@seu.edu.sa', 'winfri', 'jack', '0566998469', '[2001]', NULL, NULL, 0),
(42, 'S1869696955', '$2b$10$l2fv7eDns6wCwcoel7.5qOVOIOwDVbinzpG0eTTkTanB6Tp0AGq7m', 'S1869696955@seu.edu.sa', 'walls', 'jacki', '0595886059', '[2001]', NULL, NULL, 0),
(43, 'S1869696956', '$2b$10$l2fv7eDns6wCwcoel7.5qOVOIOwDVbinzpG0eTTkTanB6Tp0AGq7m', 'S1869696956@seu.edu.sa', 'jackiel', 'jace', '05995796859', '[2001]', NULL, NULL, 0),
(44, 'S1869696957', '$2b$10$l2fv7eDns6wCwcoel7.5qOVOIOwDVbinzpG0eTTkTanB6Tp0AGq7m', 'S1869696957@seu.edu.sa', 'john', 'leo', '0567800055', '[2001]', NULL, NULL, 0),
(45, 'S1869696958', '$2b$10$l2fv7eDns6wCwcoel7.5qOVOIOwDVbinzpG0eTTkTanB6Tp0AGq7m', 'S1869696958@seu.edu.sa', 'floyd', 'ronaldo', '0598703659', '[2001]', NULL, NULL, 0),
(46, 'S1869696959', '$2b$10$l2fv7eDns6wCwcoel7.5qOVOIOwDVbinzpG0eTTkTanB6Tp0AGq7m', 'S1869696959@seu.edu.sa', 'habib', 'roberto', '0500403659', '[2001]', NULL, NULL, 0),
(47, 'S1869696960', '$2b$10$l2fv7eDns6wCwcoel7.5qOVOIOwDVbinzpG0eTTkTanB6Tp0AGq7m', 'S1869696960@seu.edu.sa', 'husbullah', 'miz', '0590503659', '[2001]', NULL, NULL, 0),
(48, 'S1869696962', '$2b$10$l2fv7eDns6wCwcoel7.5qOVOIOwDVbinzpG0eTTkTanB6Tp0AGq7m', 'S1869696962@seu.edu.sa', 'willson', 'brock', '0565096859', '[2001]', NULL, NULL, 0),
(49, 'S1869696963', '$2b$10$l2fv7eDns6wCwcoel7.5qOVOIOwDVbinzpG0eTTkTanB6Tp0AGq7m', 'S1869696963@seu.edu.sa', 'benzeama', 'willam', '0560099859', '[2001]', NULL, NULL, 0),
(50, 'S1869696964', '$2b$10$l2fv7eDns6wCwcoel7.5qOVOIOwDVbinzpG0eTTkTanB6Tp0AGq7m', 'S1869696964@seu.edu.sa', 'salah', 'walse', '0566700379', '[2001]', NULL, NULL, 0),
(51, 'S1869698849', '$2b$10$l2fv7eDns6wCwcoel7.5qOVOIOwDVbinzpG0eTTkTanB6Tp0AGq7m', 'S1869698849@seu.edu.sa', 'charles', 'jacy', '0566767469', '[2001]', NULL, NULL, 0),
(52, 'S1869499975', '$2b$10$l2fv7eDns6wCwcoel7.5qOVOIOwDVbinzpG0eTTkTanB6Tp0AGq7m', 'S1869499975@seu.edu.sa', 'bronon', 'charles', '0590000059', '[2001]', NULL, NULL, 0),
(53, 'S1864095847', '$2b$10$l2fv7eDns6wCwcoel7.5qOVOIOwDVbinzpG0eTTkTanB6Tp0AGq7m', 'S1864095847@seu.edu.sa', 'jhonny', 'habib', '05977796859', '[2001]', NULL, NULL, 0),
(54, 'S1869947505', '$2b$10$l2fv7eDns6wCwcoel7.5qOVOIOwDVbinzpG0eTTkTanB6Tp0AGq7m', 'S1869947505@seu.edu.sa', 'julia', 'husbullah', '0567999055', '[2001]', NULL, NULL, 0),
(55, 'S1860084767', '$2b$10$l2fv7eDns6wCwcoel7.5qOVOIOwDVbinzpG0eTTkTanB6Tp0AGq7m', 'S1860084767@seu.edu.sa', 'frank', 'ryan', '0598995659', '[2001]', NULL, NULL, 0),
(56, 'S1864000654', '$2b$10$l2fv7eDns6wCwcoel7.5qOVOIOwDVbinzpG0eTTkTanB6Tp0AGq7m', 'S1864000654@seu.edu.sa', 'justin', 'henry', '0594098659', '[2001]', NULL, NULL, 0),
(57, 'S1869874897', '$2b$10$l2fv7eDns6wCwcoel7.5qOVOIOwDVbinzpG0eTTkTanB6Tp0AGq7m', 'S1869874897@seu.edu.sa', 'fury', 'trumb', '0596878659', '[2001]', NULL, NULL, 0),
(58, 'S1805889485', '$2b$10$l2fv7eDns6wCwcoel7.5qOVOIOwDVbinzpG0eTTkTanB6Tp0AGq7m', 'S1805889485@seu.edu.sa', 'kanye', 'putin', '0560588859', '[2001]', NULL, NULL, 0),
(59, 'S1859994775', '$2b$10$l2fv7eDns6wCwcoel7.5qOVOIOwDVbinzpG0eTTkTanB6Tp0AGq7m', 'S1859994775@seu.edu.sa', 'cris', 'hammzah', '0568899859', '[2001]', NULL, NULL, 0),
(60, 'S1865004854', '$2b$10$l2fv7eDns6wCwcoel7.5qOVOIOwDVbinzpG0eTTkTanB6Tp0AGq7m', 'S1865004854@seu.edu.sa', 'mahmoude', 'gandi', '0566700009', '[2001]', NULL, NULL, 0),
(61, 'rayan', '$2b$10$l2fv7eDns6wCwcoel7.5qOVOIOwDVbinzpG0eTTkTanB6Tp0AGq7m', 'rayan@seu.edu.sa', 'rayan', 'nabel', '0504098659', '[5150]', NULL, 'eyJhbGciOiJIUzI1NiIsInR5cCI6IkpXVCJ9.eyJpYXQiOjE2Njg2Mzk2NTcsImV4cCI6MTY2ODcyNjA1N30.RKebJ3ryy-gFsLSiW1HFEWiNZ0CP4B1_EskIUQnm7m0', 0),
(63, 'S1988367583', '$2b$10$l2fv7eDns6wCwcoel7.5qOVOIOwDVbinzpG0eTTkTanB6Tp0AGq7m', 'S1988367583@seu.edu.sa', 'mohammed', 'ehsan', '059099559', '[1000]', NULL, NULL, 0),
(64, 'S1908768837', '$2b$10$l2fv7eDns6wCwcoel7.5qOVOIOwDVbinzpG0eTTkTanB6Tp0AGq7m', 'S1908768837@seu.edu.sa', 'rayan', 'naif', '0560388759', '[1000]', NULL, NULL, 0),
(65, 'S1977365272', '$2b$10$l2fv7eDns6wCwcoel7.5qOVOIOwDVbinzpG0eTTkTanB6Tp0AGq7m', 'S1977365272@seu.edu.sa', 'abdalrahmman', 'nwafeah', '0568884759', '[1000]', NULL, NULL, 0),
(66, 'S1958890000', '$2b$10$l2fv7eDns6wCwcoel7.5qOVOIOwDVbinzpG0eTTkTanB6Tp0AGq7m', 'S1958890000@seu.edu.sa', 'fadi', 'fahad', '0566968749', '[1000]', NULL, NULL, 1),
(67, 'S1989874859', '$2b$10$l2fv7eDns6wCwcoel7.5qOVOIOwDVbinzpG0eTTkTanB6Tp0AGq7m', 'S1989874859@seu.edu.sa', 'ahmad', 'nasser', '059490904', '[1000]', NULL, NULL, 0),
(68, 'S1968374837', '$2b$10$l2fv7eDns6wCwcoel7.5qOVOIOwDVbinzpG0eTTkTanB6Tp0AGq7m', 'S1968374837@seu.edu.sa', 'saud', 'rakan', '0555884499', '[1000]', NULL, NULL, 0),
(69, 'S1939739843', '$2b$10$l2fv7eDns6wCwcoel7.5qOVOIOwDVbinzpG0eTTkTanB6Tp0AGq7m', 'S1939739843@seu.edu.sa', 'hossen', 'raid', '0588994400', '[1000]', NULL, NULL, 1),
(70, 'S1978968466', '$2b$10$l2fv7eDns6wCwcoel7.5qOVOIOwDVbinzpG0eTTkTanB6Tp0AGq7m', 'S1978968466@seu.edu.sa', 'hassan', 'raifah', '0599442128', '[1000]', NULL, NULL, 1),
(71, 'S1958937756', '$2b$10$l2fv7eDns6wCwcoel7.5qOVOIOwDVbinzpG0eTTkTanB6Tp0AGq7m', 'S1958937756@seu.edu.sa', 'khalid', 'rwafe', '0569957364', '[1000]', NULL, NULL, 1);

-- --------------------------------------------------------

--
-- Table structure for table `utility`
--

DROP TABLE IF EXISTS `utility`;
CREATE TABLE IF NOT EXISTS `utility` (
  `utility_id` int(11) NOT NULL AUTO_INCREMENT,
  `utility_name` varchar(40) COLLATE utf8mb4_unicode_ci NOT NULL,
  `utility_number` int(11) NOT NULL,
  `utility_avaliability` tinyint(1) NOT NULL DEFAULT '1',
  `facility_id` int(11) NOT NULL,
  PRIMARY KEY (`utility_id`),
  KEY `facility_id` (`facility_id`)
) ENGINE=MyISAM AUTO_INCREMENT=41 DEFAULT CHARSET=utf8mb4 COLLATE=utf8mb4_unicode_ci;

--
-- Dumping data for table `utility`
--

INSERT INTO `utility` (`utility_id`, `utility_name`, `utility_number`, `utility_avaliability`, `facility_id`) VALUES
(1, 'projector', 1, 1, 1),
(2, 'airConditioner', 1, 0, 1),
(3, 'airConditioner', 2, 0, 1),
(4, 'whiteBoard', 1, 0, 1),
(5, 'projector', 1, 1, 2),
(6, 'airConditioner', 1, 1, 2),
(7, 'airConditioner', 2, 1, 2),
(8, 'whiteBoard', 1, 1, 2),
(9, 'projector', 1, 1, 3),
(10, 'airConditioner', 1, 1, 3),
(11, 'airConditioner', 2, 1, 3),
(12, 'whiteBoard', 1, 1, 3),
(13, 'projector', 1, 1, 4),
(14, 'airConditioner', 1, 1, 4),
(15, 'airConditioner', 2, 1, 4),
(16, 'whiteBoard', 1, 1, 4),
(17, 'projector', 1, 1, 5),
(18, 'airConditioner', 1, 1, 5),
(19, 'airConditioner', 2, 1, 5),
(20, 'whiteBoard', 1, 1, 5),
(21, 'projector', 1, 1, 6),
(22, 'airConditioner', 1, 1, 6),
(23, 'airConditioner', 2, 1, 6),
(24, 'whiteBoard', 1, 1, 6),
(25, 'projector', 1, 1, 7),
(26, 'airConditioner', 1, 1, 7),
(27, 'airConditioner', 2, 1, 7),
(28, 'whiteBoard', 1, 1, 7),
(29, 'projector', 1, 1, 8),
(30, 'airConditioner', 1, 1, 8),
(31, 'airConditioner', 2, 1, 8),
(32, 'whiteBoard', 1, 1, 8),
(33, 'projector', 1, 1, 9),
(34, 'airConditioner', 1, 1, 9),
(35, 'airConditioner', 2, 1, 9),
(36, 'whiteBoard', 1, 1, 9),
(37, 'projector', 1, 1, 10),
(38, 'airConditioner', 1, 1, 10),
(39, 'airConditioner', 2, 1, 10),
(40, 'whiteBoard', 1, 1, 10);
COMMIT;

/*!40101 SET CHARACTER_SET_CLIENT=@OLD_CHARACTER_SET_CLIENT */;
/*!40101 SET CHARACTER_SET_RESULTS=@OLD_CHARACTER_SET_RESULTS */;
/*!40101 SET COLLATION_CONNECTION=@OLD_COLLATION_CONNECTION */;
